Title,Score,URL
"Healthcare and Its Victims, by Luigi Mangione",819,https://www.reddit.com/r/economicCollapse/comments/1hcd32b/healthcare_and_its_victims_by_luigi_mangione/
We've screwed up our healthcare system. Same thing cost 30k to 8L!,773,https://www.reddit.com/r/india/comments/1ejt6dq/weve_screwed_up_our_healthcare_system_same_thing/
"Older generation of physicians are upset at improved work life balance? ""I‚Äôm not saying they‚Äôre wrong in their desire for a work-life balance, but there was a time when the patient came first.""",241,https://www.reddit.com/r/whitecoatinvestor/comments/1gj2np0/older_generation_of_physicians_are_upset_at/
My experience as a front-line doctor in a 3rd World Country,1025,https://www.reddit.com/r/medicine/comments/j30vj2/my_experience_as_a_frontline_doctor_in_a_3rd/
More Physician Leadership in the US Healthcare System Would Save Lives. [Serious],1229,https://www.reddit.com/r/medicine/comments/gybza4/more_physician_leadership_in_the_us_healthcare/
We've screwed up our healthcare system. Same thing cost 30k to 8L!,263,https://www.reddit.com/r/unitedstatesofindia/comments/1ejt6gu/weve_screwed_up_our_healthcare_system_same_thing/
US healthcare system is a fucking joke,541,https://www.reddit.com/r/TwoXChromosomes/comments/fu4dgt/us_healthcare_system_is_a_fucking_joke/
Healthcare and Its Victims by Luigi Mangione,199,https://i.redd.it/v4sn5roaod6e1.jpeg
Medical student's opinion on doctor's protest,77,https://www.reddit.com/r/korea/comments/1b1otjb/medical_students_opinion_on_doctors_protest/
Trans Youth Are Rattled by Efforts to Ban Gender Care. So Are Hospitals.,176,https://www.nytimes.com/2025/02/08/nyregion/nyc-transgender-care-executive-order.html?unlocked_article_code=1.vU4.qNwp.2Ottg9ZMhPEK&smid=url-share
"Unpopular opinion, but I don't want the government paying for universal health insurance",1,https://www.reddit.com/r/GenZ/comments/1btboos/unpopular_opinion_but_i_dont_want_the_government/
"Lets rebuild the USA healthcare system, from the ground up. AI has it all figured out.  ",0,https://www.reddit.com/r/healthcare/comments/1hp07i1/lets_rebuild_the_usa_healthcare_system_from_the/
Private Health Insurance - A (?Definitive) Guide,274,https://www.reddit.com/r/AusFinance/comments/1145yq3/private_health_insurance_a_definitive_guide/
Genuine Question About Healthcare in Malaysia,11,https://www.reddit.com/r/malaysia/comments/1deps6b/genuine_question_about_healthcare_in_malaysia/
Is it Finally Time for QALY Policies in US Healthcare?,45,https://www.reddit.com/r/neoliberal/comments/1fqooeh/is_it_finally_time_for_qaly_policies_in_us/
"Profit Seeking Damages the Physician/Patient Relationship, Erodes Trust, Creates New Conflicts of Interest, and Diminishes Quality of Care. Not Good During a Pandemic.",480,https://www.reddit.com/r/medicine/comments/jt3bgm/profit_seeking_damages_the_physicianpatient/
"Healthcare and Its Victims, by Luigi Mangione",27,https://www.reddit.com/r/UnitedHealthIsEvil/comments/1hccqu2/healthcare_and_its_victims_by_luigi_mangione/
Healthcare and Its Victims,0,https://www.reddit.com/r/samharris/comments/1hdwgvr/healthcare_and_its_victims/
"HEALTHCARE AND ITS VICTIMS By Luigi Mangione December 3rd, 2024. Full text and GPT-4o summary.",5,https://www.reddit.com/r/conspiracy/comments/1hbmu1n/healthcare_and_its_victims_by_luigi_mangione/
Public vs Private healthcare: The small but surprisingly important differences that nobody ever seems to mention.,210,https://www.reddit.com/r/LabourUK/comments/ny0yqk/public_vs_private_healthcare_the_small_but/
I‚Äôve just realized the US healthcare system is the main reason I worry about saving money and getting a well-paying career (I'm 21.) Medical experiences outside US?,233,https://www.reddit.com/r/self/comments/uy4v1/ive_just_realized_the_us_healthcare_system_is_the/
Transformative AI in Healthcare: A Detailed Exploration,3,https://www.reddit.com/r/askdatascience/comments/1ihbjwy/transformative_ai_in_healthcare_a_detailed/
Healthcare and Its Victims,46,https://www.reddit.com/r/texas/comments/1hdwo88/healthcare_and_its_victims/
"Healthcare and Its Victims, by Luigi Mangione",0,https://www.reddit.com/r/Libertarian/comments/1hccupa/healthcare_and_its_victims_by_luigi_mangione/
Understanding modern China: the healthcare system,2,https://www.reddit.com/r/China/comments/1i7wyju/understanding_modern_china_the_healthcare_system/
The Doctor Is Still In‚ÄîJust Part-Time,1,https://www.reddit.com/r/physiciansidegig/comments/1idbg1v/the_doctor_is_still_injust_parttime/
"[Global][Question]People who live in countries with socialized healthcare, how does your system work?",274,https://www.reddit.com/r/GlobalTalk/comments/f9bryb/globalquestionpeople_who_live_in_countries_with/
[Long Post] Appreciation post for the incredible doctors and nurses of AIIMS Delhi !!,59,https://www.reddit.com/r/indianmedschool/comments/1fq04eu/long_post_appreciation_post_for_the_incredible/
A partial solution to the medical insurance companies,3,https://www.reddit.com/r/Destiny/comments/1hqkcyw/a_partial_solution_to_the_medical_insurance/
UNC Clinics are now Outpatient Hospital Visits?,62,https://www.reddit.com/r/NorthCarolina/comments/16jgc93/unc_clinics_are_now_outpatient_hospital_visits/
- Healthcare and Its Victims - Where‚Äôs the march and when???,10,https://www.reddit.com/r/chomsky/comments/1hdwkp6/healthcare_and_its_victims_wheres_the_march_and/
Bask Health - Telehealth Startup: How It‚Äôs Revolutionizing Modern Medicine,4,https://www.reddit.com/r/BaskHealth/comments/1getpqj/bask_health_telehealth_startup_how_its/
"Welcome to Canada, the Doctor Will Kill You Now",5,https://www.reddit.com/r/LibertarianUncensored/comments/1fd5e1z/welcome_to_canada_the_doctor_will_kill_you_now/
Bask Health - Building Strategic Partnerships in the Online Healthcare Business Ecosystem,1,https://www.reddit.com/r/BaskHealth/comments/1gk9c05/bask_health_building_strategic_partnerships_in/
"A Hospital Charged $1,877 to Pierce a 5-Yr-Old‚Äôs Ears. This Is Why Health Care Costs So Much. - An epidemic of unnecessary treatment is wasting billions of health care dollars a year. Patients & taxpayers are paying for it.",453,http://www.motherjones.com/politics/2017/12/a-hospital-charged-1877-to-pierce-a-5-year-olds-ears-this-is-why-health-care-costs-so-much/
[Long Post] Appreciation post for the incredible doctors and nurses of AIIMS Delhi !! ,13,https://www.reddit.com/r/india/comments/1fq06th/long_post_appreciation_post_for_the_incredible/
Two-Page Timeline of What Went Wrong in the Practice of Medicine and a Feasible Solution,4,https://www.reddit.com/r/Lyme/comments/1f8yxi3/twopage_timeline_of_what_went_wrong_in_the/
My analysis of the claims of medical misogyny and andronormativity in healthcare.,35,https://www.reddit.com/r/MensRights/comments/1aofl3s/my_analysis_of_the_claims_of_medical_misogyny_and/
What if we change the narrative from Universal Healthcare to Non-profit Healthcare?,38,https://www.reddit.com/r/UniversalHealthCare/comments/1b6o4gw/what_if_we_change_the_narrative_from_universal/
Here is a review our the complexity of the US healthcare system,129,https://www.reddit.com/r/medicine/comments/paeb35/here_is_a_review_our_the_complexity_of_the_us/
[POLICY DISCUSSION] Two-tiered Healthcare in Canada,10,https://www.reddit.com/r/canada/comments/1jciuq/policy_discussion_twotiered_healthcare_in_canada/
Situational Q&A: NHI (National Health Insurance) and Medical Services-1,2,https://www.nhi.gov.tw/en/dl-8-1899d571eebf4241b538c5411d610168-2.pdf
A guide to insurance in Singapore,241,https://www.reddit.com/r/singaporefi/comments/jdxn37/a_guide_to_insurance_in_singapore/
I don't think we realize how good our Heathcare system in India is.,447,https://i.redd.it/7b23tlo9i3gd1.jpeg
HH Insurance Coverage,2,https://www.reddit.com/r/SSDI_SSI/comments/1bsv6yo/hh_insurance_coverage/
"CMV: ""Choice"" is a misnomer and non-issue in the healthcare debate.",1,https://www.reddit.com/r/changemyview/comments/62ey3u/cmv_choice_is_a_misnomer_and_nonissue_in_the/
CMV: Free universal healthcare is possible without banning private insurance,11,https://www.reddit.com/r/changemyview/comments/ff4gps/cmv_free_universal_healthcare_is_possible_without/
"Here is my draft for a FAQ health insurance, now I need your feedback",55,https://www.reddit.com/r/germany/comments/6efcqd/here_is_my_draft_for_a_faq_health_insurance_now_i/
[KDRAMA 101] Introduction to South Korea's Healthcare System,239,https://www.reddit.com/r/KDRAMA/comments/ilws32/kdrama_101_introduction_to_south_koreas/
"People's Responses from ""Whatcom County Deserves A Public Hospital""-Please Keep Signing",127,https://www.reddit.com/r/Bellingham/comments/ftj2jt/peoples_responses_from_whatcom_county_deserves_a/
Mental Healthcare for the Homeless,15,https://www.reddit.com/r/LateStageCapitalism/comments/1785lal/mental_healthcare_for_the_homeless/
AI's presence is growing in Healthcare,43,https://www.reddit.com/r/artificial/comments/rppd5g/ais_presence_is_growing_in_healthcare/
Benefits For Travelling to India For Medical Treatment,2,https://www.reddit.com/r/india_tourism/comments/16obxc7/benefits_for_travelling_to_india_for_medical/
CMV: I think healthcare should be 100% privatized.,21,https://www.reddit.com/r/changemyview/comments/312quo/cmv_i_think_healthcare_should_be_100_privatized/
"Demystifying AI in healthcare in India (CSE:PMED, OTCQB:PMEDF, FRA:3QP)",1,https://www.reddit.com/r/trakstocks/comments/167e60s/demystifying_ai_in_healthcare_in_india_csepmed/
"Demystifying AI in healthcare in India (CSE:PMED, OTCQB:PMEDF, FRA:3QP)",1,https://www.reddit.com/r/Canadapennystocks/comments/165m84i/demystifying_ai_in_healthcare_in_india_csepmed/
"Demystifying AI in healthcare in India (CSE:PMED, OTCQB:PMEDF, FRA:3QP)",0,https://www.reddit.com/r/pennystocks/comments/164ovad/demystifying_ai_in_healthcare_in_india_csepmed/
"Demystifying AI in healthcare in India (CSE:PMED, OTCQB:PMEDF, FRA:3QP)",3,https://www.reddit.com/r/PennyStocksWatch/comments/164oulc/demystifying_ai_in_healthcare_in_india_csepmed/
"Demystifying AI in healthcare in India (CSE:PMED, OTCQB:PMEDF, FRA:3QP)",2,https://www.reddit.com/r/10xPennyStocks/comments/165m6ks/demystifying_ai_in_healthcare_in_india_csepmed/
"Demystifying AI in healthcare in India (CSE:PMED, OTCQB:PMEDF, FRA:3QP)",1,https://www.reddit.com/r/Stocks_Picks/comments/167e52s/demystifying_ai_in_healthcare_in_india_csepmed/
"Demystifying AI in healthcare in India (CSE:PMED, OTCQB:PMEDF, FRA:3QP)",2,https://www.reddit.com/r/CanadianStockExchange/comments/164ottj/demystifying_ai_in_healthcare_in_india_csepmed/
"Demystifying AI in healthcare in India (CSE:PMED, OTCQB:PMEDF, FRA:3QP)",1,https://www.reddit.com/r/CNDpennystockbets/comments/166je3v/demystifying_ai_in_healthcare_in_india_csepmed/
"Demystifying AI in healthcare in India (CSE:PMED, OTCQB:PMEDF, FRA:3QP)",1,https://www.reddit.com/r/PennyHaven/comments/166jcyv/demystifying_ai_in_healthcare_in_india_csepmed/
"Demystifying AI in healthcare in India (CSE:PMED, OTCQB:PMEDF, FRA:3QP)",1,https://www.reddit.com/r/CanadianStocks/comments/166j9yb/demystifying_ai_in_healthcare_in_india_csepmed/
"Demystifying AI in healthcare in India (CSE:PMED, OTCQB:PMEDF, FRA:3QP)",1,https://www.reddit.com/r/OTCstockradar/comments/165macg/demystifying_ai_in_healthcare_in_india_csepmed/
"Demystifying AI in healthcare in India (CSE:PMED, OTCQB:PMEDF, FRA:3QP)",0,https://www.reddit.com/r/smallcapbets/comments/167e44u/demystifying_ai_in_healthcare_in_india_csepmed/
"Demystifying AI in healthcare in India (CSE:PMED, OTCQB:PMEDF, FRA:3QP)",0,https://www.reddit.com/r/Pennystock/comments/166jb1i/demystifying_ai_in_healthcare_in_india_csepmed/
"Demystifying AI in healthcare in India (CSE:PMED, OTCQB:PMEDF, FRA:3QP)",2,https://www.reddit.com/r/StonkFeed/comments/1603g87/demystifying_ai_in_healthcare_in_india_csepmed/
"Demystifying AI in healthcare in India (CSE:PMED, OTCQB:PMEDF, FRA:3QP)",1,https://www.reddit.com/r/PennyCatalysts/comments/1603g6h/demystifying_ai_in_healthcare_in_india_csepmed/
UHS Healthcare clogged / rationing care based on symptoms - stick to sore throat and congestion,15,https://www.reddit.com/r/PennStateUniversity/comments/pxnou6/uhs_healthcare_clogged_rationing_care_based_on/
"My insurance covers my medication, but makes it impossible to get my medication. FL",1,https://www.reddit.com/r/legaladvice/comments/14hbk1a/my_insurance_covers_my_medication_but_makes_it/
More Physician Leadership in the US Healthcare System Would Save Lives. [Serious],202,https://www.reddit.com/r/medicalschool/comments/gyc0m3/more_physician_leadership_in_the_us_healthcare/
Health insurance is not navigable (insider rant),0,https://www.reddit.com/r/offmychest/comments/145rug4/health_insurance_is_not_navigable_insider_rant/
"A chiropractor saved my life, while the healthcare system let me suffer over the course of two agonizing years.",29,https://www.reddit.com/r/TrueOffMyChest/comments/mgrip9/a_chiropractor_saved_my_life_while_the_healthcare/
Amazing Impact of Data Science on the Healthcare Sector,2,https://www.reddit.com/r/aboutupdates/comments/12ke7ni/amazing_impact_of_data_science_on_the_healthcare/
The American Healthcare System Is Facing A National Crisis,9,https://www.reddit.com/r/conspiracy/comments/sicv42/the_american_healthcare_system_is_facing_a/
What Part Data Analytics Plays in Healthcare,1,https://www.reddit.com/r/aboutupdates/comments/11qzmpw/what_part_data_analytics_plays_in_healthcare/
A pediatrician explores the underworld of doctors seeking mental health treatment. (NYT),38,https://www.reddit.com/r/neoliberal/comments/tt8zmg/a_pediatrician_explores_the_underworld_of_doctors/
How To Save on Healthcare Cost (U.S. only),91,https://www.reddit.com/r/Frugal/comments/1vox0p/how_to_save_on_healthcare_cost_us_only/
[Table] I am an ENT surgeon working in a German hospital. Ask me anything! | pt 1/2,13,https://www.reddit.com/r/tabled/comments/otnm7b/table_i_am_an_ent_surgeon_working_in_a_german/
How smart contracts can improve efficiency in healthcare,1,https://www.reddit.com/r/expay24/comments/zarvwd/how_smart_contracts_can_improve_efficiency_in/
Tricare/Healthcare: Breaking it down Barney style.,27,https://www.reddit.com/r/army/comments/q2yfct/tricarehealthcare_breaking_it_down_barney_style/
I believe preventive medicine should be the top priority of healthcare systems. TMBR!,23,https://www.reddit.com/r/TMBR/comments/6xbmou/i_believe_preventive_medicine_should_be_the_top/
Investment Opp: Alternative Healthcare,3,https://www.reddit.com/r/pennystocks/comments/x1pmw5/investment_opp_alternative_healthcare/
Canadian Healthcare is Crumbling. Health services have been in the gutter for a long time and I think it will reach its breaking point soon. What company provides Canadian healthcare services that I can invest in?,1,https://www.reddit.com/r/stocks/comments/esen4n/canadian_healthcare_is_crumbling_health_services/
Internet of Healthcare Report,3,https://www.reddit.com/r/google/comments/xesi6l/internet_of_healthcare_report/
Investment Opp: Alternative Healthcare,5,https://www.reddit.com/r/greeninvestor/comments/x1pmfw/investment_opp_alternative_healthcare/
Investment Opp: Alternative Healthcare,3,https://www.reddit.com/r/CNDpennystockbets/comments/x1pmnt/investment_opp_alternative_healthcare/
healthcare system failure,22,https://www.reddit.com/r/jordan/comments/o61ih9/healthcare_system_failure/
Lack of empathy and insinuating violence over the recent UHC CEO shooting is disturbing.,0,https://www.reddit.com/r/offmychest/comments/1h6rgo0/lack_of_empathy_and_insinuating_violence_over_the/
[Question - Other] Family Practice: How long should I expect to wait to 'See my doctor',3,https://www.reddit.com/r/healthcare/comments/jo566p/question_other_family_practice_how_long_should_i/
Two questions about healthcare,4,https://www.reddit.com/r/askaconservative/comments/1wngwk/two_questions_about_healthcare/
Today was my first day of work as a resident and it was the hardest day of my life (yet),708,https://www.reddit.com/r/medicine/comments/xxi1oe/today_was_my_first_day_of_work_as_a_resident_and/
"Healthcare's 5 Biggest Stories, week of April 9 - Amazon's Alexa gets HIPAA Compliant, Stem Cell 'Therapy' Out of Control, and Progress on Controlling Healthcare Costs [News]",27,https://www.reddit.com/r/healthcare/comments/bb89dp/healthcares_5_biggest_stories_week_of_april_9/
Medical treatment experience in Germany,0,https://www.reddit.com/r/germany/comments/buflp9/medical_treatment_experience_in_germany/
"Child bitten by a death adder. Antivenom, 600km flight and hospital admission. No charge to patient",48317,https://i.redd.it/ywjkkbdp6ide1.jpeg
"CMV: There are only two options for healthcare in america, single payer or fully privatized. The current system is partially, but poorly socialized anyways.",29,https://www.reddit.com/r/changemyview/comments/3wdp1x/cmv_there_are_only_two_options_for_healthcare_in/
Pharmacy school lied to me,594,https://www.reddit.com/r/pharmacy/comments/hg3f7n/pharmacy_school_lied_to_me/
My humble market-based opinion on getting healthcare working in the United States.,20,https://www.reddit.com/r/tuesday/comments/7i5fsn/my_humble_marketbased_opinion_on_getting/
Moderators Delete Reddit Thread as Doctors Torch Dead UnitedHealthcare CEO,70455,https://www.thedailybeast.com/leading-medical-subreddit-deletes-thread-on-unitedhealthcare-ceos-murder-after-users-slam-his-record/
How improving Diabetes management effects healthcare in the US,3,https://www.reddit.com/r/MedicalDevices/comments/qos7ot/how_improving_diabetes_management_effects/
"Sister is broke, has no insurance, and might have cancer...What the hell do I do?",55,https://www.reddit.com/r/LosAngeles/comments/18sm89/sister_is_broke_has_no_insurance_and_might_have/
Major Health Insurance Companies Take Down Leadership Pages Following Murder of United Healthcare CEO,56678,https://www.404media.co/multiple-major-health-insurance-companies-take-down-leadership-pages-following-murder-of-united-healthcare-ceo/
Top 10 Examples of Big Data Analytics for the Healthcare Industry,2,https://www.reddit.com/r/EzDataMunch/comments/ppy3sh/top_10_examples_of_big_data_analytics_for_the/
Joe Biden is wrong. Medicare for All is the answer to the American healthcare crisis,45,https://www.reddit.com/r/thedavidpakmanshow/comments/ccx2t5/joe_biden_is_wrong_medicare_for_all_is_the_answer/
"[News] Everything new in healthcare, week of March 10, 2020. Amazon wants to cure the common cold, interoperability rules get finalized, Coronavirus updates, the top current healthcare trends, and more.",21,https://www.reddit.com/r/healthcare/comments/fgeuhq/news_everything_new_in_healthcare_week_of_march/
"I am 90% sure I am going to quit being a doctor, the 10% is just trying to figure out how",12,https://www.reddit.com/r/offmychest/comments/bwpzt7/i_am_90_sure_i_am_going_to_quit_being_a_doctor/
Swedish man dies in South Korea after being denied urgent treatment at 21 hospitals,19086,https://www.euronews.com/health/2025/01/18/swedish-man-dies-in-south-korea-after-being-denied-urgent-treatment-at-21-hospitals
Fixing US Healthcare,5,https://www.reddit.com/r/Libertarian/comments/95idpc/fixing_us_healthcare/
More Physician Leadership in the US Healthcare System Would Save Lives. [Serious],43,https://www.reddit.com/r/GrassrootsMedicineUSA/comments/gybsi5/more_physician_leadership_in_the_us_healthcare/
[Econ] Curing our healthcare system,6,https://www.reddit.com/r/Geosim/comments/kpxt9p/econ_curing_our_healthcare_system/
United healthcare denial reasons ,32621,https://i.redd.it/j5y1tvtva17e1.jpeg
YAHP ‚Äì Yet Another (Yang's American?) Healthcare Plan,20,https://www.reddit.com/r/YangForPresidentHQ/comments/c8r2m8/yahp_yet_another_yangs_american_healthcare_plan/
"‚ÄòIt‚Äôs a death sentence‚Äô: US health insurance system is failing, say doctors - Firms including United Healthcare have denied basic scans and taken months to reconsider, physicians say",15736,https://www.theguardian.com/us-news/2025/jan/26/us-health-insurance-system-doctors
"[News] This week's healthcare must-reads - Trump gets COVID & the aftermath, Another public-to-private healthcare transaction, Ro expands its generic drug partnership with Pfizer, What patients really think about telehealth, & more",4,https://www.reddit.com/r/healthcare/comments/j65opn/news_this_weeks_healthcare_mustreads_trump_gets/
Is this the 'unnecessary care' that UnitedHealthcare CEO Andrew Witty keeps talking about? ü§î,39099,https://i.redd.it/wvusi8zp188e1.png
I wrote a paper about universal healthcare in the US for an English class! I figured it would help some people who want information from reliable resources to educate others on the topic or debunk some common myths about universal healthcare.,11,https://www.reddit.com/r/college/comments/i4yrb1/i_wrote_a_paper_about_universal_healthcare_in_the/
Reactions to the killing of insurance CEO reveal a deep anger over US healthcare,24282,https://www.independent.co.uk/news/world/americas/brian-thompson-ceo-killed-manhattan-b2659700.html
"YSK, hospitals all across the US, don‚Äôt want to call you patients anymore, you are customers now. ",18891,https://www.reddit.com/r/YouShouldKnow/comments/1i45anm/ysk_hospitals_all_across_the_us_dont_want_to_call/
Hospitals Are Losing the Coronavirus Battle (UK),1,https://www.reddit.com/r/what_couldve_been_if/comments/fu9h1f/hospitals_are_losing_the_coronavirus_battle_uk/
[Question - Other] Considering moving abroad or other drastic action to reduce healthcare costs. What has succeeded for other people? What is worth looking into?,11,https://www.reddit.com/r/healthcare/comments/9j91fs/question_other_considering_moving_abroad_or_other/
How Did We Let Insurance Companies Stand Between Doctors and Patients?,52617,https://i.redd.it/2t2p85stfcae1.jpeg
Can I refuse the doctor examination in the ER?,3,https://www.reddit.com/r/AskDocs/comments/2j789a/can_i_refuse_the_doctor_examination_in_the_er/
"[News] Top Healthcare News Summary, Week of December 10, 2019",22,https://www.reddit.com/r/healthcare/comments/e8sf07/news_top_healthcare_news_summary_week_of_december/
Third woman dies under Texas‚Äô abortion ban as doctors use riskier miscarriage treatments,23070,https://www.rawstory.com/a-third-woman-died-under-texas-abortion-ban-doctors-are-avoiding-dcs-and-reaching-for-r/
American healthcare-- the math ain't mathing.,33701,https://i.redd.it/pql4o6uyl4ee1.jpeg
/u/HopingToBeHeard on What are the arguments for health insurance?,1,https://www.reddit.com/r/DebateRightists/comments/fvkeye/uhopingtobeheard_on_what_are_the_arguments_for/
"Miscarrying patient was passed around 'like a hot potato' due to Idaho abortion ban, doctor testifies",31241,https://abcnews.go.com/US/miscarrying-patient-passed-hot-potato-due-idaho-abortion/story?id=116024001
For profit healthcare in a nutshell folks.,47774,https://i.redd.it/ycicxd18ga6e1.png
"Hospitals Gave Patients Meds During Childbirth, Then Reported Them For Illicit Drug Use",22592,https://www.usatoday.com/story/news/nation/2024/12/11/pregnant-hospital-drug-test-medicine/76804299007/
"In 2015, a paramedic captured a photo of a doctor crying outside after losing a 19-year-old patient.",136537,https://i.redd.it/uke6idsf2hrd1.png
"[Discussion] Top Healthcare News Stories, Week of December 3, 2019.",2,https://www.reddit.com/r/healthcare/comments/e5k05r/discussion_top_healthcare_news_stories_week_of/
"[Discussion] Top Healthcare News, week of Nov. 26, 2019 - The iHospital, Novartis buys Cholesterol Meds, Patient Privacy Backlash, & Policy Updates",1,https://www.reddit.com/r/healthcare/comments/e24w4r/discussion_top_healthcare_news_week_of_nov_26/
"Massive growth of Preservation Medical Second Opinion Market 2024 with high CAGR In Coming Years with Focusing Key players like HCA Hospitals, AXA PPP Healthcare, Royal London Group, etc.",1,https://www.reddit.com/r/HealthcareInsights/comments/d6dpun/massive_growth_of_preservation_medical_second/
üö®¬†URGENT: A WARNING to Every Parent & Patient in the Kaiser System¬†üö®,10636,https://www.reddit.com/r/KaiserPermanente/comments/1htf9q2/urgent_a_warning_to_every_parent_patient_in_the/
"Suspect in CEO's killing wasn't insured by UnitedHealthcare, company says",10326,https://www.nbcnews.com/news/us-news/suspect-ceos-killing-was-not-insured-unitedhealthcare-company-says-rcna184069
Future of Medicine (2025-2030),10,https://www.reddit.com/r/Futurology/comments/1jjqks/future_of_medicine_20252030/
(PotDA 11) The Professional Patient,1,https://www.reddit.com/r/PotDA/comments/b3kgjq/potda_11_the_professional_patient/
Becoming a hospitalist was a calling? nah,46,https://www.reddit.com/r/hospitalist/comments/1gj21jl/becoming_a_hospitalist_was_a_calling_nah/
"Why your medical costs will really skyrocket now. All health insurance companies now want medical costs to rise as much as possible over time so their actual profits go up because they are all now ""cost plus' providers.",16,https://www.reddit.com/r/inthenews/comments/3otwaa/why_your_medical_costs_will_really_skyrocket_now/
/u/ZarahCobalt on What is the solution to Americas healthcare probelm?,1,https://www.reddit.com/r/DebateRightists/comments/a9lo24/uzarahcobalt_on_what_is_the_solution_to_americas/
"Why your medical costs will really skyrocket now. All health insurance companies now want medical costs to rise as much as possible over time so their actual profits go up because they are all now ""cost plus' providers.",4,https://www.reddit.com/r/progressive/comments/3ov5tf/why_your_medical_costs_will_really_skyrocket_now/
"ELI5: In countries with socialized medicine, how are prices for treatments determined without market forces to create supply and demand signals?",4,https://www.reddit.com/r/explainlikeimfive/comments/2t55s4/eli5_in_countries_with_socialized_medicine_how/
"Why your medical costs will really skyrocket now. All health insurance companies now want medical costs to rise as much as possible over time so their actual profits go up because they are all now ""cost plus' providers.",8,https://www.reddit.com/r/healthcare/comments/3ovdkd/why_your_medical_costs_will_really_skyrocket_now/
"Why your medical costs will really skyrocket now. All health insurance companies now want medical costs to rise as much as possible over time so their actual profits go up because they are all now ""cost plus' providers.",19,https://www.reddit.com/r/conspiracy/comments/3otwfr/why_your_medical_costs_will_really_skyrocket_now/
Meet the 30 healthcare leaders under 40 who are using technology to shape the future of medicine,1,https://www.reddit.com/r/buzzfeedbot/comments/8yvhr6/meet_the_30_healthcare_leaders_under_40_who_are/
Meet the 30 healthcare leaders under 40 who are using technology to shape the future of medicine,0,https://www.reddit.com/r/buzzfeedbot/comments/8xypr5/meet_the_30_healthcare_leaders_under_40_who_are/
Insurers Pocketed $50 Billion From Medicare for Diseases No Doctor Treated,20641,https://www.wsj.com/health/healthcare/medicare-health-insurance-diagnosis-payments-b4d99a5d
The Drama and Tragedy of Indian Healthcare,8,https://www.reddit.com/r/india/comments/7aomjl/the_drama_and_tragedy_of_indian_healthcare/
How Did We Let Insurance Companies Block Access to Healthcare?,6981,https://i.redd.it/i89lkcuqccae1.jpeg
"Why medical costs will really skyrocket now: Under Obamacare all health insurance companies now want medical costs to rise as much as possible over time so their actual profits go up because they are all now ""cost plus' providers",12,https://www.reddit.com/r/Conservative/comments/3otka4/why_medical_costs_will_really_skyrocket_now_under/
What do you think of my thoughts on healthcare reform?,0,https://www.reddit.com/r/NeutralPolitics/comments/11u4za/what_do_you_think_of_my_thoughts_on_healthcare/
"Why your medical costs will really skyrocket now. All health insurance companies now want medical costs to rise as much as possible over time so their actual profits go up because they are all now ""cost plus' providers.",7,https://www.reddit.com/r/HealthInsurance/comments/3ov7bn/why_your_medical_costs_will_really_skyrocket_now/
US Doctors Protest High Costs of Cancer Drugs,9,https://www.reddit.com/r/AnythingGoesNews/comments/3kw9g0/us_doctors_protest_high_costs_of_cancer_drugs/
Your private insurance is a scam. Universal healthcare is basic human right. ,21609,https://www.reddit.com/r/antiwork/comments/1fduy4n/your_private_insurance_is_a_scam_universal/
This passive aggressive sign at my doctors office,5900,https://i.redd.it/4kqz4mx17g9e1.jpeg
"Why medical costs will really skyrocket now: Under Obamacare all health insurance companies now want medical costs to rise as much as possible over time so their actual profits go up because they are all now ""cost plus' providers",0,https://www.reddit.com/r/progressive/comments/3otkdg/why_medical_costs_will_really_skyrocket_now_under/
Doctors of reddit: What was the wildest self-diagnoses a patient was actually right about?,4999,https://www.reddit.com/r/AskReddit/comments/1gneoor/doctors_of_reddit_what_was_the_wildest/
"Hospitals gave patients meds during childbirth, then reported them for illicit drug use",9640,https://www.usatoday.com/story/news/nation/2024/12/11/pregnant-hospital-drug-test-medicine/76804299007/
Annual Summit on Sleep Disorders and Medicine,1,https://www.reddit.com/r/conferences/comments/2x7iuy/annual_summit_on_sleep_disorders_and_medicine/
"[Table] I am a doctor, rapper, and video maker who's trying to revolutionize healthcare and stuff. AMA!",4,https://www.reddit.com/r/tabled/comments/1rczge/table_i_am_a_doctor_rapper_and_video_maker_whos/
someone local posted about their United Healthcare denial,5650,https://i.redd.it/4pf2c213bw6e1.jpeg
In patient treatment?,3,https://www.reddit.com/r/depression/comments/2akcf3/in_patient_treatment/
Abbott threatens a children‚Äôs hospital because one of their doctors had the gall to disagree with him,7581,https://i.redd.it/d3qd75af023e1.jpeg
Describing my terrible experience at AIIMS - Delhi,46,https://www.reddit.com/r/delhi/comments/1eezzko/describing_my_terrible_experience_at_aiims_delhi/
Medicare for All: $32 Trillion Price Tag vs. $49 Trillion Current Healthcare Costs Debate,16128,https://i.redd.it/wtxfr5d763rd1.jpeg
"[Table] IAmA: Hi, I'm a Family Medicine Doctor. I find that patients that DON'T LIE to me make the best patients.",6,https://www.reddit.com/r/tabled/comments/1gm9no/table_iama_hi_im_a_family_medicine_doctor_i_find/
Her Mental Health Treatment Was Helping. That‚Äôs Why Insurance Cut Off Her Coverage.,12467,https://www.propublica.org/article/mental-health-insurance-denials-patient-progress
"UnitedHealthcare executive fatally shot in Manhattan, reports say",4959,https://i.redd.it/e3jxf65nqu4e1.png
Why does the debate about health care totally ignore the patient's responsibilities in creating a usable system?,2,https://www.reddit.com/r/AskReddit/comments/98j3l/why_does_the_debate_about_health_care_totally/
US health department condemns private equity firms for role in declining healthcare access - Government report says private equity investment in nursing homes led to 11% increase in patient deaths.,15080,https://www.theguardian.com/us-news/2025/feb/06/private-equity-healthcare
I requested pain management for my IUD replacement and now my doctor is going to offer it to all of her patients,11283,https://www.reddit.com/r/TwoXChromosomes/comments/1ik0e55/i_requested_pain_management_for_my_iud/
MrBeast Doesn't Care About Better Healthcare (He's Hired Republican Lobbyists who rep Big Health Insurance),7828,https://www.reddit.com/gallery/1hz8jc6
"Backdoor found in two healthcare patient monitors, linked to IP in China",6122,https://www.bleepingcomputer.com/news/security/backdoor-found-in-two-healthcare-patient-monitors-linked-to-ip-in-china/
IAMA survivor of a terminal childhood brain tumor and my mom was fired from her job because of how much my treatment increasing her employer's insurance rates. ,13164,https://www.reddit.com/r/IAmA/comments/1hbxh2h/iama_survivor_of_a_terminal_childhood_brain_tumor/
Man walks into hospital with venomous Russell's Viper that bit him,9185,https://v.redd.it/7jb6ohb7c9vd1
My husband damned near killed himself just to keep his insurance for his cancer treatment. And they fired him. ,8240,https://www.reddit.com/r/antiwork/comments/1fat721/my_husband_damned_near_killed_himself_just_to/
A pediatric doctor who dresses his patients as superheroes before taking them into surgery ü•∞‚ô•Ô∏è,23991,https://v.redd.it/re0o27bdbdfe1
The purpose of insurance companies is to make profits for investors. We need a new healthcare system altogether. Agree?,10488,https://i.redd.it/xamv5owi8wyd1.png
‚ÄúOutpatient form‚Äù for a regular physical???,0,https://www.reddit.com/gallery/1h0ridt
"‚ÄòIt‚Äôs a death sentence‚Äô: US health insurance system is failing, say doctors",9678,https://www.theguardian.com/us-news/2025/jan/26/us-health-insurance-system-doctors
"Hello! I‚Äôm Dr. Beverly Tchang. I‚Äôm a board-certified endocrinology and obesity specialist and an Assistant Professor of Clinical Medicine at Weill Cornell Medicine. On 9/30 at 1:30 p.m. EST, I‚Äôm partnering with Novo Nordisk and Truth About Weight to answer your weight-related questions. ",7946,https://www.reddit.com/r/u_TruthAboutWeight/comments/1fcw7wx/hello_im_dr_beverly_tchang_im_a_boardcertified/
Healthcare,11472,https://i.redd.it/e6wy34zpqqrd1.png
Orange Hospital directs staff to no longer provide abortions to patients without 'early pregnancy complications',4025,https://www.abc.net.au/news/2024-11-08/orange-hospital-directs-staff-to-stop-providing-some-abortions/104537862?utm_source=abc_news_app&utm_medium=content_shared&utm_campaign=abc_news_app&utm_content=other
As many as 10 patients dead from nurse injecting tap water instead of Fentanyl at Oregon hospital,32230,https://kobi5.com/news/crime-news/only-on-5-sources-say-8-9-died-at-rrmc-from-drug-diversion-219561/
Top doctor Richard Scolyer cancer-free one year after using own revolutionary treatment on terminal brain tumor,30373,https://i.redd.it/31q6w1csxy0d1.png
When House ‚Äúcured‚Äù the guy in the wheelchair,2,https://www.reddit.com/r/HouseMD/comments/1idzp89/when_house_cured_the_guy_in_the_wheelchair/
United healthcare interrupts a doctor during surgery to ask if an overnight stay for a breast cancer patient currently under the knife is ‚Äújustified‚Äù,7426,https://v.redd.it/yopi7rf8npbe1
You‚Äôre of childbearing age? No medicine for you!,11011,https://i.redd.it/zkeu5ip16h6d1.jpeg
"White button mushroom extract shrinks tumors and delays their growth, according to new human clinical trial on food as medicine. In mice with prostate tumors, a single daily dose shrank tumors. In human prostate cancer patients, 3 months of treatment found the same activation of immune cells.",10790,https://newatlas.com/cancer/white-button-mushrooms-prostate-cancer/
"California Sues Hospital for Denying Patient an Emergency Abortion ‚Äî The state said that despite a doctor‚Äôs recommendation and state law, a Catholic hospital declined to provide an abortion because fetal heart tones were present.",7433,https://www.nytimes.com/2024/09/30/health/california-abortion-lawsuit-st-joseph-hospital.html
Healthcare professionals: what is a telltale sign a patient has used drugs heavily in their life?,18914,https://www.reddit.com/r/AskReddit/comments/16v6en7/healthcare_professionals_what_is_a_telltale_sign/
Universal healthcare in the Outback. This costs the patient nothing - no matter who they are. ,11345,https://i.redd.it/ydbvc8gwjyzd1.jpeg
Shitty insurance benefits are how your boss keeps your wages low and retains your cheap labor. Universal healthcare = freedom to quit,17329,https://i.redd.it/p0s8daf5ywwd1.png
I was held involuntarily at a mental hospital for saying I didn‚Äôt want to be pregnant anymore (Texas) [Long],2962,https://www.reddit.com/r/BORUpdates/comments/1hrrjx0/i_was_held_involuntarily_at_a_mental_hospital_for/
"They'll argue with lawyers about law, doctors about medicine, and scientists about science üòµ‚Äçüí´",16592,https://i.redd.it/rixv8qydrpqc1.png
Texas Hospitals Required to Ask Citizenship of All Patients Beginning November 1st,3649,https://www.texastribune.org/2024/10/17/texas-undocumented-immigrants-hospitals-greg-abbott/
"i never thought germany‚Äôs everyday-healthcare is this bad, or how i think people should do medical tourism more",2237,https://www.reddit.com/r/germany/comments/1idq5ko/i_never_thought_germanys_everydayhealthcare_is/
"Schoolboy, 13, arrested for impersonating doctor in UK hospital - complete with scrubs and ID",2735,https://www.mirror.co.uk/news/uk-news/schoolboy-13-arrested-impersonating-doctor-34622293
Are chiropractors real doctors and is chiropractics real medicine/therapy?,7799,https://www.reddit.com/r/NoStupidQuestions/comments/18vye2h/are_chiropractors_real_doctors_and_is/
